chr,pos,non_flipped_ref,non_flipped_alt,gene_name,ref_aa,alt_aa,score_PAI3D
chr1,69134,A,G,ENST00000335137.4,E,G,0.48945943988859647
chr1,69101,A,G,ENST00000335137.4,E,G,0.6441008591651916
chr1,69916,A,G,ENST00000335137.4,N,D,0.8164566327631475
chr1,69940,A,G,ENST00000335137.4,N,D,0.6576666463911536
chr1,69952,A,G,ENST00000335137.4,K,E,0.6578102329373361
chr1,69428,T,G,ENST00000335137.4,F,C,0.6274112176150084
chr1,69836,T,G,ENST00000335137.4,F,C,0.5457917721569538
chr1,69890,T,G,ENST00000335137.4,F,C,0.575945515781641
chr1,69108,T,G,ENST00000335137.4,I,M,0.49544700987637047
